ts,phase,stage,uncertainty_index,request,vehicle,table_number,dynamic_t_begin,duration_type,delay_tolerance,severity,passed_terminals,current_time,action,reward,feasible,source
1765858265.258219,train,begin_removal,0,3000000000002,6,0,4,mix_mu_5_40_terminal_dependent,63.0,,"[3, -1, -1, -1, -1, -1, -1, -1, -1, -1]",4,-10000000,-10000000,,ALNS
1765858265.2670739,train,begin_removal,0,3000000000003,8,0,4,mix_mu_5_40_terminal_dependent,92.0,,"[3, -1, -1, -1, -1, -1, -1, -1, -1, -1]",4,-10000000,-10000000,,ALNS
1765858265.3585117,train,send_action,0,3000000000002,6,0,4,mix_mu_5_40_terminal_dependent,63.0,6,"[3, -1, -1, -1, -1, -1, -1, -1, -1, -1]",4,0,-10000000,,RL
1765858265.3986816,train,finish_removal,0,3000000000002,6,0,4,mix_mu_5_40_terminal_dependent,63.0,6,"[3, -1, -1, -1, -1, -1, -1, -1, -1, -1]",4,0,0,,ALNS
1765858265.4017997,train,receive_reward,0,3000000000002,6,0,4,mix_mu_5_40_terminal_dependent,63.0,6,"[3, -1, -1, -1, -1, -1, -1, -1, -1, -1]",4,0,0,,RL
1765858265.454798,train,send_action,0,3000000000003,8,0,4,mix_mu_5_40_terminal_dependent,92.0,6,"[3, -1, -1, -1, -1, -1, -1, -1, -1, -1]",4,1,-10000000,,RL
1765858265.5000057,train,finish_removal,0,3000000000003,8,0,4,mix_mu_5_40_terminal_dependent,92.0,6,"[3, -1, -1, -1, -1, -1, -1, -1, -1, -1]",4,1,1,,ALNS
1765858265.5020845,train,receive_reward,0,3000000000003,8,0,4,mix_mu_5_40_terminal_dependent,92.0,6,"[3, -1, -1, -1, -1, -1, -1, -1, -1, -1]",4,1,1,,RL
1765858271.7861266,train,begin_removal,0,3000000000002,6,1,1,mix_mu_5_40_terminal_dependent,60.0,6,"[0, -1, -1, -1, -1, -1, -1, -1, -1, -1]",1,-10000000,-10000000,,ALNS
1765858271.788726,train,begin_removal,0,3000000000003,8,1,1,mix_mu_5_40_terminal_dependent,89.0,6,"[0, -1, -1, -1, -1, -1, -1, -1, -1, -1]",1,-10000000,-10000000,,ALNS
1765858271.7923586,train,begin_removal,0,3000000000000,27,1,1,mix_mu_5_40_terminal_dependent,96.0,6,"[0, -1, -1, -1, -1, -1, -1, -1, -1, -1]",1,-10000000,-10000000,,ALNS
1765858271.8445632,train,send_action,0,3000000000002,6,1,1,mix_mu_5_40_terminal_dependent,60.0,6,"[0, -1, -1, -1, -1, -1, -1, -1, -1, -1]",1,1,-10000000,,RL
1765858271.8847773,train,finish_removal,0,3000000000002,6,1,1,mix_mu_5_40_terminal_dependent,60.0,6,"[0, -1, -1, -1, -1, -1, -1, -1, -1, -1]",1,1,1,,ALNS
1765858271.8867795,train,receive_reward,0,3000000000002,6,1,1,mix_mu_5_40_terminal_dependent,60.0,6,"[0, -1, -1, -1, -1, -1, -1, -1, -1, -1]",1,1,1,,RL
1765858271.991322,train,send_action,0,3000000000003,8,1,1,mix_mu_5_40_terminal_dependent,89.0,6,"[0, -1, -1, -1, -1, -1, -1, -1, -1, -1]",1,0,-10000000,,RL
1765858272.0434294,train,finish_removal,0,3000000000003,8,1,1,mix_mu_5_40_terminal_dependent,89.0,6,"[0, -1, -1, -1, -1, -1, -1, -1, -1, -1]",1,0,0,,ALNS
1765858272.0460503,train,receive_reward,0,3000000000003,8,1,1,mix_mu_5_40_terminal_dependent,89.0,6,"[0, -1, -1, -1, -1, -1, -1, -1, -1, -1]",1,0,0,,RL
1765858284.7876043,implement,begin_removal,2,3000000000001,99,498,50,mix_mu_5_40_terminal_dependent,113.4,6,"[2.0, -1, -1, -1, -1, -1, -1, -1, -1, -1]",50,-10000000,-10000000,,ALNS
1765858284.8596988,implement,send_action,2,3000000000001,99,498,50,mix_mu_5_40_terminal_dependent,113.4,5,"[2.0, -1, -1, -1, -1, -1, -1, -1, -1, -1]",50,0,-10000000,,RL
1765858307.0681443,implement,begin_removal,1,3000000000000,27,496,18,mix_mu_5_40_terminal_dependent,91.0,5,"[6, -1, -1, -1, -1, -1, -1, -1, -1, -1]",18,-10000000,-10000000,,ALNS
1765858307.1139667,implement,send_action,1,3000000000000,27,496,18,mix_mu_5_40_terminal_dependent,91.0,2,"[6, -1, -1, -1, -1, -1, -1, -1, -1, -1]",18,0,-10000000,,RL
1765858318.6999536,implement,begin_removal,1,3000000000004,92,495,101,mix_mu_5_40_terminal_dependent,89.8,2,"[1.0, -1, -1, -1, -1, -1, -1, -1, -1, -1]",101,-10000000,-10000000,,ALNS
1765858318.7527783,implement,send_action,1,3000000000004,92,495,101,mix_mu_5_40_terminal_dependent,89.8,3,"[1.0, -1, -1, -1, -1, -1, -1, -1, -1, -1]",101,0,-10000000,,RL
1765858359.541446,implement,begin_removal,1,3000000000001,99,491,81,mix_mu_5_40_terminal_dependent,82.4,3,"[2.0, -1, -1, -1, -1, -1, -1, -1, -1, -1]",81,-10000000,-10000000,,ALNS
1765858359.589537,implement,send_action,1,3000000000001,99,491,81,mix_mu_5_40_terminal_dependent,82.4,4,"[2.0, -1, -1, -1, -1, -1, -1, -1, -1, -1]",81,0,-10000000,,RL
1765858386.7152781,implement,begin_removal,0,3000000000002,6,488,4,mix_mu_5_40_terminal_dependent,57.0,4,"[0, -1, -1, -1, -1, -1, -1, -1, -1, -1]",4,-10000000,-10000000,,ALNS
1765858386.7655022,implement,send_action,0,3000000000002,6,488,4,mix_mu_5_40_terminal_dependent,57.0,2,"[0, -1, -1, -1, -1, -1, -1, -1, -1, -1]",4,0,-10000000,,RL
1765858386.766856,implement,begin_removal,0,3000000000003,8,488,4,mix_mu_5_40_terminal_dependent,86.0,2,"[0, -1, -1, -1, -1, -1, -1, -1, -1, -1]",4,-10000000,-10000000,,ALNS
1765858386.8254364,implement,begin_removal,0,3000000000000,27,488,4,mix_mu_5_40_terminal_dependent,93.0,2,"[0, -1, -1, -1, -1, -1, -1, -1, -1, -1]",4,-10000000,-10000000,,ALNS
1765858386.9013295,implement,send_action,0,3000000000000,27,488,4,mix_mu_5_40_terminal_dependent,93.0,2,"[0, -1, -1, -1, -1, -1, -1, -1, -1, -1]",4,0,-10000000,,RL
1765858506.3130815,implement,begin_removal,0,3000000000004,92,476,1,mix_mu_5_40_terminal_dependent,189.8,2,"[1.0, -1, -1, -1, -1, -1, -1, -1, -1, -1]",1,-10000000,-10000000,,ALNS
1765858506.361462,implement,send_action,0,3000000000004,92,476,1,mix_mu_5_40_terminal_dependent,189.8,5,"[1.0, -1, -1, -1, -1, -1, -1, -1, -1, -1]",1,0,-10000000,,RL
1765858516.148711,implement,begin_removal,1,3000000000004,92,475,75,mix_mu_5_40_terminal_dependent,117.0,5,"[3.0, -1, -1, -1, -1, -1, -1, -1, -1, -1]",75,-10000000,-10000000,,ALNS
1765858516.2042885,implement,send_action,1,3000000000004,92,475,75,mix_mu_5_40_terminal_dependent,117.0,1,"[3.0, -1, -1, -1, -1, -1, -1, -1, -1, -1]",75,0,-10000000,,RL
1765858516.2062857,implement,begin_removal,1,3000000000001,99,475,75,mix_mu_5_40_terminal_dependent,89.0,1,"[3.0, -1, -1, -1, -1, -1, -1, -1, -1, -1]",75,-10000000,-10000000,,ALNS
1765858516.2630777,implement,send_action,1,3000000000001,99,475,75,mix_mu_5_40_terminal_dependent,89.0,1,"[3.0, -1, -1, -1, -1, -1, -1, -1, -1, -1]",75,0,-10000000,,RL
1765858539.1098788,implement,begin_removal,2,3000000000003,8,473,64,mix_mu_5_40_terminal_dependent,32.0,1,"[3, -1, -1, -1, -1, -1, -1, -1, -1, -1]",64,-10000000,-10000000,,ALNS
1765858539.162043,implement,send_action,2,3000000000003,8,473,64,mix_mu_5_40_terminal_dependent,32.0,5,"[3, -1, -1, -1, -1, -1, -1, -1, -1, -1]",64,0,-10000000,,RL
1765858554.480017,implement,begin_removal,4,3000000000001,99,472,93,mix_mu_5_40_terminal_dependent,70.4,5,"[2.0, -1, -1, -1, -1, -1, -1, -1, -1, -1]",93,-10000000,-10000000,,ALNS
1765858554.5286775,implement,send_action,4,3000000000001,99,472,93,mix_mu_5_40_terminal_dependent,70.4,4,"[2.0, -1, -1, -1, -1, -1, -1, -1, -1, -1]",93,0,-10000000,,RL
1765858596.6929476,implement,begin_removal,0,3000000000001,99,468,2,mix_mu_5_40_terminal_dependent,161.4,4,"[2.0, -1, -1, -1, -1, -1, -1, -1, -1, -1]",2,-10000000,-10000000,,ALNS
1765858596.7428803,implement,send_action,0,3000000000001,99,468,2,mix_mu_5_40_terminal_dependent,161.4,5,"[2.0, -1, -1, -1, -1, -1, -1, -1, -1, -1]",2,0,-10000000,,RL
1765858605.4001696,implement,begin_removal,1,3000000000001,99,467,87,mix_mu_5_40_terminal_dependent,76.4,5,"[2.0, -1, -1, -1, -1, -1, -1, -1, -1, -1]",87,-10000000,-10000000,,ALNS
1765858605.4603002,implement,send_action,1,3000000000001,99,467,87,mix_mu_5_40_terminal_dependent,76.4,3,"[2.0, -1, -1, -1, -1, -1, -1, -1, -1, -1]",87,0,-10000000,,RL
1765858659.5025501,implement,begin_removal,0,3000000000004,92,461,1,mix_mu_5_40_terminal_dependent,189.8,3,"[1.0, -1, -1, -1, -1, -1, -1, -1, -1, -1]",1,-10000000,-10000000,,ALNS
1765858659.5515213,implement,send_action,0,3000000000004,92,461,1,mix_mu_5_40_terminal_dependent,189.8,4,"[1.0, -1, -1, -1, -1, -1, -1, -1, -1, -1]",1,0,-10000000,,RL
1765858678.8936396,implement,begin_removal,1,3000000000001,99,459,99,mix_mu_5_40_terminal_dependent,64.4,4,"[2.0, -1, -1, -1, -1, -1, -1, -1, -1, -1]",99,-10000000,-10000000,,ALNS
1765858678.9406261,implement,send_action,1,3000000000001,99,459,99,mix_mu_5_40_terminal_dependent,64.4,3,"[2.0, -1, -1, -1, -1, -1, -1, -1, -1, -1]",99,0,-10000000,,RL
1765858722.8365924,implement,begin_removal,1,3000000000001,99,454,83,mix_mu_5_40_terminal_dependent,80.4,3,"[2.0, -1, -1, -1, -1, -1, -1, -1, -1, -1]",83,-10000000,-10000000,,ALNS
1765858722.8944178,implement,send_action,1,3000000000001,99,454,83,mix_mu_5_40_terminal_dependent,80.4,3,"[2.0, -1, -1, -1, -1, -1, -1, -1, -1, -1]",83,0,-10000000,,RL
1765858756.9282038,implement,begin_removal,1,3000000000002,6,450,24,mix_mu_5_40_terminal_dependent,43.0,3,"[3, -1, -1, -1, -1, -1, -1, -1, -1, -1]",24,-10000000,-10000000,,ALNS
1765858756.9782796,implement,begin_removal,1,3000000000003,8,450,24,mix_mu_5_40_terminal_dependent,72.0,3,"[3, -1, -1, -1, -1, -1, -1, -1, -1, -1]",24,-10000000,-10000000,,ALNS
1765858757.2373006,implement,send_action,1,3000000000003,8,450,24,mix_mu_5_40_terminal_dependent,72.0,3,"[3, -1, -1, -1, -1, -1, -1, -1, -1, -1]",24,0,-10000000,,RL
1765858764.8357272,implement,begin_removal,0,3000000000002,6,449,2,mix_mu_5_40_terminal_dependent,59.0,3,"[0, -1, -1, -1, -1, -1, -1, -1, -1, -1]",2,-10000000,-10000000,,ALNS
1765858764.8883705,implement,send_action,0,3000000000002,6,449,2,mix_mu_5_40_terminal_dependent,59.0,5,"[0, -1, -1, -1, -1, -1, -1, -1, -1, -1]",2,0,-10000000,,RL
1765858764.8903718,implement,begin_removal,0,3000000000003,8,449,2,mix_mu_5_40_terminal_dependent,88.0,5,"[0, -1, -1, -1, -1, -1, -1, -1, -1, -1]",2,-10000000,-10000000,,ALNS
1765858764.9469404,implement,begin_removal,0,3000000000000,27,449,2,mix_mu_5_40_terminal_dependent,95.0,5,"[0, -1, -1, -1, -1, -1, -1, -1, -1, -1]",2,-10000000,-10000000,,ALNS
1765858765.0251973,implement,send_action,0,3000000000000,27,449,2,mix_mu_5_40_terminal_dependent,95.0,5,"[0, -1, -1, -1, -1, -1, -1, -1, -1, -1]",2,0,-10000000,,RL
1765858783.8743804,implement,begin_removal,1,3000000000002,6,447,34,mix_mu_5_40_terminal_dependent,33.0,5,"[3, -1, -1, -1, -1, -1, -1, -1, -1, -1]",34,-10000000,-10000000,,ALNS
1765858783.9264493,implement,send_action,1,3000000000002,6,447,34,mix_mu_5_40_terminal_dependent,33.0,5,"[3, -1, -1, -1, -1, -1, -1, -1, -1, -1]",34,0,-10000000,,RL
1765858783.9284508,implement,begin_removal,1,3000000000003,8,447,34,mix_mu_5_40_terminal_dependent,62.0,5,"[3, -1, -1, -1, -1, -1, -1, -1, -1, -1]",34,-10000000,-10000000,,ALNS
1765858783.978995,implement,send_action,1,3000000000003,8,447,34,mix_mu_5_40_terminal_dependent,62.0,5,"[3, -1, -1, -1, -1, -1, -1, -1, -1, -1]",34,0,-10000000,,RL
1765858817.3017447,implement,begin_removal,0,3000000000001,99,443,4,mix_mu_5_40_terminal_dependent,159.4,5,"[2.0, -1, -1, -1, -1, -1, -1, -1, -1, -1]",4,-10000000,-10000000,,ALNS
1765858817.349911,implement,send_action,0,3000000000001,99,443,4,mix_mu_5_40_terminal_dependent,159.4,3,"[2.0, -1, -1, -1, -1, -1, -1, -1, -1, -1]",4,0,-10000000,,RL
1765858819.1195614,implement,begin_removal,1,3000000000004,92,443,59,mix_mu_5_40_terminal_dependent,133.0,3,"[3.0, -1, -1, -1, -1, -1, -1, -1, -1, -1]",59,-10000000,-10000000,,ALNS
1765858819.1663105,implement,send_action,1,3000000000004,92,443,59,mix_mu_5_40_terminal_dependent,133.0,2,"[3.0, -1, -1, -1, -1, -1, -1, -1, -1, -1]",59,0,-10000000,,RL
1765858819.1687868,implement,begin_removal,1,3000000000001,99,443,59,mix_mu_5_40_terminal_dependent,105.0,2,"[3.0, -1, -1, -1, -1, -1, -1, -1, -1, -1]",59,-10000000,-10000000,,ALNS
1765858819.2201993,implement,send_action,1,3000000000001,99,443,59,mix_mu_5_40_terminal_dependent,105.0,2,"[3.0, -1, -1, -1, -1, -1, -1, -1, -1, -1]",59,0,-10000000,,RL
1765858837.6545677,implement,begin_removal,0,3000000000002,6,441,3,mix_mu_5_40_terminal_dependent,58.0,2,"[0, -1, -1, -1, -1, -1, -1, -1, -1, -1]",3,-10000000,-10000000,,ALNS
1765858837.7007077,implement,send_action,0,3000000000002,6,441,3,mix_mu_5_40_terminal_dependent,58.0,3,"[0, -1, -1, -1, -1, -1, -1, -1, -1, -1]",3,0,-10000000,,RL
1765858837.702737,implement,begin_removal,0,3000000000003,8,441,3,mix_mu_5_40_terminal_dependent,87.0,3,"[0, -1, -1, -1, -1, -1, -1, -1, -1, -1]",3,-10000000,-10000000,,ALNS
1765858837.7871926,implement,begin_removal,0,3000000000000,27,441,3,mix_mu_5_40_terminal_dependent,94.0,3,"[0, -1, -1, -1, -1, -1, -1, -1, -1, -1]",3,-10000000,-10000000,,ALNS
1765858837.8570914,implement,send_action,0,3000000000000,27,441,3,mix_mu_5_40_terminal_dependent,94.0,3,"[0, -1, -1, -1, -1, -1, -1, -1, -1, -1]",3,0,-10000000,,RL
1765858839.450678,implement,begin_removal,1,3000000000004,92,441,49,mix_mu_5_40_terminal_dependent,143.0,3,"[3.0, -1, -1, -1, -1, -1, -1, -1, -1, -1]",49,-10000000,-10000000,,ALNS
1765858839.5012746,implement,send_action,1,3000000000004,92,441,49,mix_mu_5_40_terminal_dependent,143.0,2,"[3.0, -1, -1, -1, -1, -1, -1, -1, -1, -1]",49,0,-10000000,,RL
1765858839.503847,implement,begin_removal,1,3000000000001,99,441,49,mix_mu_5_40_terminal_dependent,115.0,2,"[3.0, -1, -1, -1, -1, -1, -1, -1, -1, -1]",49,-10000000,-10000000,,ALNS
1765858839.555089,implement,send_action,1,3000000000001,99,441,49,mix_mu_5_40_terminal_dependent,115.0,2,"[3.0, -1, -1, -1, -1, -1, -1, -1, -1, -1]",49,0,-10000000,,RL
1765858858.189429,implement,begin_removal,2,3000000000001,99,439,81,mix_mu_5_40_terminal_dependent,82.4,2,"[2.0, -1, -1, -1, -1, -1, -1, -1, -1, -1]",81,-10000000,-10000000,,ALNS
1765858858.242756,implement,send_action,2,3000000000001,99,439,81,mix_mu_5_40_terminal_dependent,82.4,1,"[2.0, -1, -1, -1, -1, -1, -1, -1, -1, -1]",81,0,-10000000,,RL
1765858867.572209,implement,begin_removal,1,3000000000002,6,438,17,mix_mu_5_40_terminal_dependent,50.0,1,"[3, -1, -1, -1, -1, -1, -1, -1, -1, -1]",17,-10000000,-10000000,,ALNS
1765858867.6215057,implement,send_action,1,3000000000002,6,438,17,mix_mu_5_40_terminal_dependent,50.0,4,"[3, -1, -1, -1, -1, -1, -1, -1, -1, -1]",17,0,-10000000,,RL
1765858867.6227984,implement,begin_removal,1,3000000000003,8,438,17,mix_mu_5_40_terminal_dependent,79.0,4,"[3, -1, -1, -1, -1, -1, -1, -1, -1, -1]",17,-10000000,-10000000,,ALNS
1765858867.7051044,implement,send_action,1,3000000000003,8,438,17,mix_mu_5_40_terminal_dependent,79.0,4,"[3, -1, -1, -1, -1, -1, -1, -1, -1, -1]",17,0,-10000000,,RL
1765858875.4463956,implement,begin_removal,0,3000000000004,92,437,4,mix_mu_5_40_terminal_dependent,188.0,4,"[3.0, -1, -1, -1, -1, -1, -1, -1, -1, -1]",4,-10000000,-10000000,,ALNS
1765858875.4997733,implement,begin_removal,0,3000000000001,99,437,4,mix_mu_5_40_terminal_dependent,160.0,4,"[3.0, -1, -1, -1, -1, -1, -1, -1, -1, -1]",4,-10000000,-10000000,,ALNS
1765858875.5775573,implement,send_action,0,3000000000001,99,437,4,mix_mu_5_40_terminal_dependent,160.0,4,"[3.0, -1, -1, -1, -1, -1, -1, -1, -1, -1]",4,0,-10000000,,RL
1765858933.264368,implement,begin_removal,0,3000000000004,92,431,2,mix_mu_5_40_terminal_dependent,190.0,4,"[3.0, -1, -1, -1, -1, -1, -1, -1, -1, -1]",2,-10000000,-10000000,,ALNS
1765858933.3151166,implement,send_action,0,3000000000004,92,431,2,mix_mu_5_40_terminal_dependent,190.0,1,"[3.0, -1, -1, -1, -1, -1, -1, -1, -1, -1]",2,0,-10000000,,RL
1765858933.3161361,implement,begin_removal,0,3000000000001,99,431,2,mix_mu_5_40_terminal_dependent,162.0,1,"[3.0, -1, -1, -1, -1, -1, -1, -1, -1, -1]",2,-10000000,-10000000,,ALNS
1765858933.4067397,implement,send_action,0,3000000000001,99,431,2,mix_mu_5_40_terminal_dependent,162.0,1,"[3.0, -1, -1, -1, -1, -1, -1, -1, -1, -1]",2,0,-10000000,,RL
1765858962.0039997,implement,begin_removal,2,3000000000001,99,428,70,mix_mu_5_40_terminal_dependent,93.4,1,"[2.0, -1, -1, -1, -1, -1, -1, -1, -1, -1]",70,-10000000,-10000000,,ALNS
1765858962.0537393,implement,send_action,2,3000000000001,99,428,70,mix_mu_5_40_terminal_dependent,93.4,1,"[2.0, -1, -1, -1, -1, -1, -1, -1, -1, -1]",70,0,-10000000,,RL
1765858971.9426324,implement,begin_removal,2,3000000000003,8,427,68,mix_mu_5_40_terminal_dependent,28.0,1,"[3, -1, -1, -1, -1, -1, -1, -1, -1, -1]",68,-10000000,-10000000,,ALNS
1765858971.9873476,implement,send_action,2,3000000000003,8,427,68,mix_mu_5_40_terminal_dependent,28.0,4,"[3, -1, -1, -1, -1, -1, -1, -1, -1, -1]",68,0,-10000000,,RL
1765859028.9302928,implement,begin_removal,1,3000000000002,6,421,25,mix_mu_5_40_terminal_dependent,36.0,4,"[0, -1, -1, -1, -1, -1, -1, -1, -1, -1]",25,-10000000,-10000000,,ALNS
1765859028.9826586,implement,send_action,1,3000000000002,6,421,25,mix_mu_5_40_terminal_dependent,36.0,4,"[0, -1, -1, -1, -1, -1, -1, -1, -1, -1]",25,0,-10000000,,RL
1765859028.9839575,implement,begin_removal,1,3000000000003,8,421,25,mix_mu_5_40_terminal_dependent,65.0,4,"[0, -1, -1, -1, -1, -1, -1, -1, -1, -1]",25,-10000000,-10000000,,ALNS
1765859029.059391,implement,send_action,1,3000000000003,8,421,25,mix_mu_5_40_terminal_dependent,65.0,4,"[0, -1, -1, -1, -1, -1, -1, -1, -1, -1]",25,0,-10000000,,RL
1765859029.062035,implement,begin_removal,1,3000000000000,27,421,25,mix_mu_5_40_terminal_dependent,72.0,4,"[0, -1, -1, -1, -1, -1, -1, -1, -1, -1]",25,-10000000,-10000000,,ALNS
1765859029.120789,implement,send_action,1,3000000000000,27,421,25,mix_mu_5_40_terminal_dependent,72.0,4,"[0, -1, -1, -1, -1, -1, -1, -1, -1, -1]",25,0,-10000000,,RL
1765859035.2793705,implement,begin_removal,0,3000000000004,92,420,4,mix_mu_5_40_terminal_dependent,186.8,4,"[1.0, -1, -1, -1, -1, -1, -1, -1, -1, -1]",4,-10000000,-10000000,,ALNS
1765859035.323879,implement,send_action,0,3000000000004,92,420,4,mix_mu_5_40_terminal_dependent,186.8,1,"[1.0, -1, -1, -1, -1, -1, -1, -1, -1, -1]",4,0,-10000000,,RL
1765859085.9394996,implement,begin_removal,0,3000000000000,27,415,4,mix_mu_5_40_terminal_dependent,105.0,1,"[6, -1, -1, -1, -1, -1, -1, -1, -1, -1]",4,-10000000,-10000000,,ALNS
1765859085.991766,implement,send_action,0,3000000000000,27,415,4,mix_mu_5_40_terminal_dependent,105.0,5,"[6, -1, -1, -1, -1, -1, -1, -1, -1, -1]",4,0,-10000000,,RL
1765859106.4496818,implement,begin_removal,1,3000000000002,6,413,19,mix_mu_5_40_terminal_dependent,42.0,5,"[0, -1, -1, -1, -1, -1, -1, -1, -1, -1]",19,-10000000,-10000000,,ALNS
1765859106.5127604,implement,send_action,1,3000000000002,6,413,19,mix_mu_5_40_terminal_dependent,42.0,4,"[0, -1, -1, -1, -1, -1, -1, -1, -1, -1]",19,0,-10000000,,RL
1765859106.5151331,implement,begin_removal,1,3000000000003,8,413,19,mix_mu_5_40_terminal_dependent,71.0,4,"[0, -1, -1, -1, -1, -1, -1, -1, -1, -1]",19,-10000000,-10000000,,ALNS
1765859106.5750256,implement,send_action,1,3000000000003,8,413,19,mix_mu_5_40_terminal_dependent,71.0,4,"[0, -1, -1, -1, -1, -1, -1, -1, -1, -1]",19,1,-10000000,,RL
1765859106.8257513,implement,send_action,1,3000000000003,8,413,19,mix_mu_5_40_terminal_dependent,71.0,4,"[0, 3, -1, -1, -1, -1, -1, -1, -1, -1]",19,0,-10000000,,RL
1765859106.8950129,implement,send_action,1,3000000000003,9,413,19,mix_mu_5_40_terminal_dependent,71.0,4,"[0, 3, -1, -1, -1, -1, -1, -1, -1, -1]",19,0,-10000000,,RL
1765859107.0129595,implement,begin_removal,1,3000000000000,27,413,19,mix_mu_5_40_terminal_dependent,78.0,4,"[0, -1, -1, -1, -1, -1, -1, -1, -1, -1]",19,-10000000,-10000000,,ALNS
1765859107.0651433,implement,send_action,1,3000000000000,27,413,19,mix_mu_5_40_terminal_dependent,78.0,4,"[0, -1, -1, -1, -1, -1, -1, -1, -1, -1]",19,0,-10000000,,RL
1765859116.8260522,implement,begin_removal,1,3000000000001,99,412,104,mix_mu_5_40_terminal_dependent,59.400000000000006,4,"[2.0, -1, -1, -1, -1, -1, -1, -1, -1, -1]",104,-10000000,-10000000,,ALNS
1765859116.8762002,implement,send_action,1,3000000000001,99,412,104,mix_mu_5_40_terminal_dependent,59.400000000000006,2,"[2.0, -1, -1, -1, -1, -1, -1, -1, -1, -1]",104,0,-10000000,,RL
1765859132.9217727,implement,begin_removal,1,3000000000004,92,410,74,mix_mu_5_40_terminal_dependent,116.8,2,"[1.0, -1, -1, -1, -1, -1, -1, -1, -1, -1]",74,-10000000,-10000000,,ALNS
1765859132.9733658,implement,send_action,1,3000000000004,92,410,74,mix_mu_5_40_terminal_dependent,116.8,5,"[1.0, -1, -1, -1, -1, -1, -1, -1, -1, -1]",74,0,-10000000,,RL
1765859150.2852802,implement,begin_removal,0,3000000000000,27,408,4,mix_mu_5_40_terminal_dependent,105.0,5,"[6, -1, -1, -1, -1, -1, -1, -1, -1, -1]",4,-10000000,-10000000,,ALNS
1765859150.329465,implement,send_action,0,3000000000000,27,408,4,mix_mu_5_40_terminal_dependent,105.0,3,"[6, -1, -1, -1, -1, -1, -1, -1, -1, -1]",4,0,-10000000,,RL
1765859167.384619,implement,begin_removal,2,3000000000001,99,407,106,mix_mu_5_40_terminal_dependent,57.400000000000006,3,"[2.0, -1, -1, -1, -1, -1, -1, -1, -1, -1]",106,-10000000,-10000000,,ALNS
1765859167.4510934,implement,send_action,2,3000000000001,99,407,106,mix_mu_5_40_terminal_dependent,57.400000000000006,5,"[2.0, -1, -1, -1, -1, -1, -1, -1, -1, -1]",106,0,-10000000,,RL
1765859175.1445036,implement,begin_removal,2,3000000000004,92,406,89,mix_mu_5_40_terminal_dependent,103.0,5,"[3.0, -1, -1, -1, -1, -1, -1, -1, -1, -1]",89,-10000000,-10000000,,ALNS
1765859175.1980796,implement,send_action,2,3000000000004,92,406,89,mix_mu_5_40_terminal_dependent,103.0,4,"[3.0, -1, -1, -1, -1, -1, -1, -1, -1, -1]",89,0,-10000000,,RL
1765859175.2005785,implement,begin_removal,2,3000000000001,99,406,89,mix_mu_5_40_terminal_dependent,75.0,4,"[3.0, -1, -1, -1, -1, -1, -1, -1, -1, -1]",89,-10000000,-10000000,,ALNS
1765859175.2498734,implement,send_action,2,3000000000001,99,406,89,mix_mu_5_40_terminal_dependent,75.0,4,"[3.0, -1, -1, -1, -1, -1, -1, -1, -1, -1]",89,0,-10000000,,RL
1765859249.3826547,implement,begin_removal,1,3000000000004,92,398,35,mix_mu_5_40_terminal_dependent,155.8,4,"[1.0, -1, -1, -1, -1, -1, -1, -1, -1, -1]",35,-10000000,-10000000,,ALNS
1765859249.4368,implement,send_action,1,3000000000004,92,398,35,mix_mu_5_40_terminal_dependent,155.8,4,"[1.0, -1, -1, -1, -1, -1, -1, -1, -1, -1]",35,0,-10000000,,RL
1765859251.1645129,implement,begin_removal,2,3000000000001,99,398,100,mix_mu_5_40_terminal_dependent,63.400000000000006,4,"[2.0, -1, -1, -1, -1, -1, -1, -1, -1, -1]",100,-10000000,-10000000,,ALNS
1765859251.2217536,implement,send_action,2,3000000000001,99,398,100,mix_mu_5_40_terminal_dependent,63.400000000000006,2,"[2.0, -1, -1, -1, -1, -1, -1, -1, -1, -1]",100,0,-10000000,,RL
1765859257.9630494,implement,begin_removal,0,3000000000002,6,397,1,mix_mu_5_40_terminal_dependent,66.0,2,"[3, -1, -1, -1, -1, -1, -1, -1, -1, -1]",1,-10000000,-10000000,,ALNS
1765859258.0149481,implement,send_action,0,3000000000002,6,397,1,mix_mu_5_40_terminal_dependent,66.0,2,"[3, -1, -1, -1, -1, -1, -1, -1, -1, -1]",1,0,-10000000,,RL
1765859258.016551,implement,begin_removal,0,3000000000003,8,397,1,mix_mu_5_40_terminal_dependent,95.0,2,"[3, -1, -1, -1, -1, -1, -1, -1, -1, -1]",1,-10000000,-10000000,,ALNS
1765859258.069332,implement,send_action,0,3000000000003,8,397,1,mix_mu_5_40_terminal_dependent,95.0,2,"[3, -1, -1, -1, -1, -1, -1, -1, -1, -1]",1,0,-10000000,,RL
1765859261.7963216,implement,begin_removal,2,3000000000001,99,397,66,mix_mu_5_40_terminal_dependent,97.4,2,"[2.0, -1, -1, -1, -1, -1, -1, -1, -1, -1]",66,-10000000,-10000000,,ALNS
1765859261.8467517,implement,send_action,2,3000000000001,99,397,66,mix_mu_5_40_terminal_dependent,97.4,2,"[2.0, -1, -1, -1, -1, -1, -1, -1, -1, -1]",66,0,-10000000,,RL
1765859270.0624616,implement,begin_removal,0,3000000000002,6,396,1,mix_mu_5_40_terminal_dependent,60.0,2,"[0, -1, -1, -1, -1, -1, -1, -1, -1, -1]",1,-10000000,-10000000,,ALNS
1765859270.115847,implement,begin_removal,0,3000000000003,8,396,1,mix_mu_5_40_terminal_dependent,89.0,4,"[0, -1, -1, -1, -1, -1, -1, -1, -1, -1]",1,-10000000,-10000000,,ALNS
1765859270.1892824,implement,send_action,0,3000000000003,8,396,1,mix_mu_5_40_terminal_dependent,89.0,4,"[0, -1, -1, -1, -1, -1, -1, -1, -1, -1]",1,0,-10000000,,RL
1765859270.1913905,implement,begin_removal,0,3000000000000,27,396,1,mix_mu_5_40_terminal_dependent,96.0,4,"[0, -1, -1, -1, -1, -1, -1, -1, -1, -1]",1,-10000000,-10000000,,ALNS
1765859270.2424033,implement,send_action,0,3000000000000,27,396,1,mix_mu_5_40_terminal_dependent,96.0,4,"[0, -1, -1, -1, -1, -1, -1, -1, -1, -1]",1,0,-10000000,,RL
1765859271.9527004,implement,begin_removal,1,3000000000003,8,396,70,mix_mu_5_40_terminal_dependent,26.0,4,"[3, -1, -1, -1, -1, -1, -1, -1, -1, -1]",70,-10000000,-10000000,,ALNS
1765859272.007099,implement,send_action,1,3000000000003,8,396,70,mix_mu_5_40_terminal_dependent,26.0,1,"[3, -1, -1, -1, -1, -1, -1, -1, -1, -1]",70,0,-10000000,,RL
1765859273.9302573,implement,begin_removal,2,3000000000004,92,396,91,mix_mu_5_40_terminal_dependent,99.8,1,"[1.0, -1, -1, -1, -1, -1, -1, -1, -1, -1]",91,-10000000,-10000000,,ALNS
1765859273.9805515,implement,send_action,2,3000000000004,92,396,91,mix_mu_5_40_terminal_dependent,99.8,5,"[1.0, -1, -1, -1, -1, -1, -1, -1, -1, -1]",91,0,-10000000,,RL
1765859280.4481046,implement,begin_removal,0,3000000000004,92,395,4,mix_mu_5_40_terminal_dependent,186.8,5,"[1.0, -1, -1, -1, -1, -1, -1, -1, -1, -1]",4,-10000000,-10000000,,ALNS
1765859280.5000055,implement,send_action,0,3000000000004,92,395,4,mix_mu_5_40_terminal_dependent,186.8,4,"[1.0, -1, -1, -1, -1, -1, -1, -1, -1, -1]",4,0,-10000000,,RL
1765859288.6595728,implement,begin_removal,0,3000000000000,27,394,2,mix_mu_5_40_terminal_dependent,107.0,4,"[6, -1, -1, -1, -1, -1, -1, -1, -1, -1]",2,-10000000,-10000000,,ALNS
1765859288.708294,implement,send_action,0,3000000000000,27,394,2,mix_mu_5_40_terminal_dependent,107.0,4,"[6, -1, -1, -1, -1, -1, -1, -1, -1, -1]",2,0,-10000000,,RL
1765859307.424236,implement,begin_removal,1,3000000000001,99,392,35,mix_mu_5_40_terminal_dependent,128.4,4,"[2.0, -1, -1, -1, -1, -1, -1, -1, -1, -1]",35,-10000000,-10000000,,ALNS
1765859307.475442,implement,send_action,1,3000000000001,99,392,35,mix_mu_5_40_terminal_dependent,128.4,5,"[2.0, -1, -1, -1, -1, -1, -1, -1, -1, -1]",35,0,-10000000,,RL
1765859315.8318534,implement,begin_removal,0,3000000000004,92,391,3,mix_mu_5_40_terminal_dependent,189.0,5,"[3.0, -1, -1, -1, -1, -1, -1, -1, -1, -1]",3,-10000000,-10000000,,ALNS
1765859315.8740325,implement,begin_removal,0,3000000000001,99,391,3,mix_mu_5_40_terminal_dependent,161.0,4,"[3.0, -1, -1, -1, -1, -1, -1, -1, -1, -1]",3,-10000000,-10000000,,ALNS
1765859315.9560096,implement,send_action,0,3000000000001,99,391,3,mix_mu_5_40_terminal_dependent,161.0,4,"[3.0, -1, -1, -1, -1, -1, -1, -1, -1, -1]",3,0,-10000000,,RL
1765859331.1893802,implement,begin_removal,0,3000000000002,6,389,4,mix_mu_5_40_terminal_dependent,63.0,4,"[3, -1, -1, -1, -1, -1, -1, -1, -1, -1]",4,-10000000,-10000000,,ALNS
1765859331.233063,implement,send_action,0,3000000000002,6,389,4,mix_mu_5_40_terminal_dependent,63.0,3,"[3, -1, -1, -1, -1, -1, -1, -1, -1, -1]",4,0,-10000000,,RL
1765859331.2350616,implement,begin_removal,0,3000000000003,8,389,4,mix_mu_5_40_terminal_dependent,92.0,3,"[3, -1, -1, -1, -1, -1, -1, -1, -1, -1]",4,-10000000,-10000000,,ALNS
1765859331.2808766,implement,send_action,0,3000000000003,8,389,4,mix_mu_5_40_terminal_dependent,92.0,3,"[3, -1, -1, -1, -1, -1, -1, -1, -1, -1]",4,0,-10000000,,RL
1765859367.6534054,implement,begin_removal,0,3000000000004,92,384,3,mix_mu_5_40_terminal_dependent,189.0,3,"[3.0, -1, -1, -1, -1, -1, -1, -1, -1, -1]",3,-10000000,-10000000,,ALNS
1765859367.6967783,implement,send_action,0,3000000000004,92,384,3,mix_mu_5_40_terminal_dependent,189.0,3,"[3.0, -1, -1, -1, -1, -1, -1, -1, -1, -1]",3,0,-10000000,,RL
1765859367.6979337,implement,begin_removal,0,3000000000001,99,384,3,mix_mu_5_40_terminal_dependent,161.0,3,"[3.0, -1, -1, -1, -1, -1, -1, -1, -1, -1]",3,-10000000,-10000000,,ALNS
1765859367.7448835,implement,send_action,0,3000000000001,99,384,3,mix_mu_5_40_terminal_dependent,161.0,3,"[3.0, -1, -1, -1, -1, -1, -1, -1, -1, -1]",3,0,-10000000,,RL
1765859381.1570587,implement,begin_removal,0,3000000000002,6,382,3,mix_mu_5_40_terminal_dependent,64.0,3,"[3, -1, -1, -1, -1, -1, -1, -1, -1, -1]",3,-10000000,-10000000,,ALNS
1765859381.1990473,implement,send_action,0,3000000000002,6,382,3,mix_mu_5_40_terminal_dependent,64.0,2,"[3, -1, -1, -1, -1, -1, -1, -1, -1, -1]",3,0,-10000000,,RL
1765859381.2000556,implement,begin_removal,0,3000000000003,8,382,3,mix_mu_5_40_terminal_dependent,93.0,2,"[3, -1, -1, -1, -1, -1, -1, -1, -1, -1]",3,-10000000,-10000000,,ALNS
1765859381.249173,implement,send_action,0,3000000000003,8,382,3,mix_mu_5_40_terminal_dependent,93.0,2,"[3, -1, -1, -1, -1, -1, -1, -1, -1, -1]",3,0,-10000000,,RL
1765859392.354621,implement,begin_removal,0,3000000000002,6,381,3,mix_mu_5_40_terminal_dependent,64.0,2,"[3, -1, -1, -1, -1, -1, -1, -1, -1, -1]",3,-10000000,-10000000,,ALNS
1765859392.397422,implement,send_action,0,3000000000002,6,381,3,mix_mu_5_40_terminal_dependent,64.0,3,"[3, -1, -1, -1, -1, -1, -1, -1, -1, -1]",3,0,-10000000,,RL
1765859392.3984232,implement,begin_removal,0,3000000000003,8,381,3,mix_mu_5_40_terminal_dependent,93.0,3,"[3, -1, -1, -1, -1, -1, -1, -1, -1, -1]",3,-10000000,-10000000,,ALNS
1765859392.4384122,implement,send_action,0,3000000000003,8,381,3,mix_mu_5_40_terminal_dependent,93.0,3,"[3, -1, -1, -1, -1, -1, -1, -1, -1, -1]",3,0,-10000000,,RL
1765859393.77855,implement,begin_removal,1,3000000000001,99,381,51,mix_mu_5_40_terminal_dependent,112.4,3,"[2.0, -1, -1, -1, -1, -1, -1, -1, -1, -1]",51,-10000000,-10000000,,ALNS
1765859393.8265107,implement,send_action,1,3000000000001,99,381,51,mix_mu_5_40_terminal_dependent,112.4,2,"[2.0, -1, -1, -1, -1, -1, -1, -1, -1, -1]",51,0,-10000000,,RL
1765859402.013728,implement,begin_removal,1,3000000000004,92,380,24,mix_mu_5_40_terminal_dependent,168.0,2,"[3.0, -1, -1, -1, -1, -1, -1, -1, -1, -1]",24,-10000000,-10000000,,ALNS
1765859402.0541415,implement,send_action,1,3000000000004,92,380,24,mix_mu_5_40_terminal_dependent,168.0,5,"[3.0, -1, -1, -1, -1, -1, -1, -1, -1, -1]",24,0,-10000000,,RL
1765859402.0561557,implement,begin_removal,1,3000000000001,99,380,24,mix_mu_5_40_terminal_dependent,140.0,5,"[3.0, -1, -1, -1, -1, -1, -1, -1, -1, -1]",24,-10000000,-10000000,,ALNS
1765859402.1189096,implement,send_action,1,3000000000001,99,380,24,mix_mu_5_40_terminal_dependent,140.0,5,"[3.0, -1, -1, -1, -1, -1, -1, -1, -1, -1]",24,0,-10000000,,RL
1765859411.6628883,implement,begin_removal,1,3000000000004,92,379,93,mix_mu_5_40_terminal_dependent,97.8,5,"[1.0, -1, -1, -1, -1, -1, -1, -1, -1, -1]",93,-10000000,-10000000,,ALNS
1765859411.7104387,implement,send_action,1,3000000000004,92,379,93,mix_mu_5_40_terminal_dependent,97.8,5,"[1.0, -1, -1, -1, -1, -1, -1, -1, -1, -1]",93,0,-10000000,,RL
1765859425.2358549,implement,begin_removal,0,3000000000004,92,377,3,mix_mu_5_40_terminal_dependent,187.8,5,"[1.0, -1, -1, -1, -1, -1, -1, -1, -1, -1]",3,-10000000,-10000000,,ALNS
1765859425.27643,implement,send_action,0,3000000000004,92,377,3,mix_mu_5_40_terminal_dependent,187.8,2,"[1.0, -1, -1, -1, -1, -1, -1, -1, -1, -1]",3,0,-10000000,,RL
1765859434.784097,implement,begin_removal,1,3000000000000,27,376,64,mix_mu_5_40_terminal_dependent,45.0,2,"[6, -1, -1, -1, -1, -1, -1, -1, -1, -1]",64,-10000000,-10000000,,ALNS
1765859434.8286834,implement,send_action,1,3000000000000,27,376,64,mix_mu_5_40_terminal_dependent,45.0,3,"[6, -1, -1, -1, -1, -1, -1, -1, -1, -1]",64,0,-10000000,,RL
1765859442.9098449,implement,begin_removal,1,3000000000003,8,375,71,mix_mu_5_40_terminal_dependent,25.0,3,"[3, -1, -1, -1, -1, -1, -1, -1, -1, -1]",71,-10000000,-10000000,,ALNS
1765859442.9530907,implement,send_action,1,3000000000003,8,375,71,mix_mu_5_40_terminal_dependent,25.0,3,"[3, -1, -1, -1, -1, -1, -1, -1, -1, -1]",71,0,-10000000,,RL
1765859448.3676167,implement,begin_removal,0,3000000000004,92,374,3,mix_mu_5_40_terminal_dependent,187.8,3,"[1.0, -1, -1, -1, -1, -1, -1, -1, -1, -1]",3,-10000000,-10000000,,ALNS
1765859448.4113188,implement,send_action,0,3000000000004,92,374,3,mix_mu_5_40_terminal_dependent,187.8,2,"[1.0, -1, -1, -1, -1, -1, -1, -1, -1, -1]",3,0,-10000000,,RL
1765859457.829415,implement,begin_removal,1,3000000000003,8,373,58,mix_mu_5_40_terminal_dependent,38.0,2,"[3, -1, -1, -1, -1, -1, -1, -1, -1, -1]",58,-10000000,-10000000,,ALNS
1765859458.048765,implement,send_action,1,3000000000003,8,373,58,mix_mu_5_40_terminal_dependent,38.0,2,"[3, -1, -1, -1, -1, -1, -1, -1, -1, -1]",58,0,-10000000,,RL
1765859466.241465,implement,begin_removal,0,3000000000004,92,372,3,mix_mu_5_40_terminal_dependent,189.0,2,"[3.0, -1, -1, -1, -1, -1, -1, -1, -1, -1]",3,-10000000,-10000000,,ALNS
1765859466.280111,implement,send_action,0,3000000000004,92,372,3,mix_mu_5_40_terminal_dependent,189.0,5,"[3.0, -1, -1, -1, -1, -1, -1, -1, -1, -1]",3,0,-10000000,,RL
1765859466.282318,implement,begin_removal,0,3000000000001,99,372,3,mix_mu_5_40_terminal_dependent,161.0,5,"[3.0, -1, -1, -1, -1, -1, -1, -1, -1, -1]",3,-10000000,-10000000,,ALNS
1765859466.3326056,implement,send_action,0,3000000000001,99,372,3,mix_mu_5_40_terminal_dependent,161.0,5,"[3.0, -1, -1, -1, -1, -1, -1, -1, -1, -1]",3,0,-10000000,,RL
1765859514.6626403,implement,begin_removal,0,3000000000004,92,367,2,mix_mu_5_40_terminal_dependent,190.0,5,"[3.0, -1, -1, -1, -1, -1, -1, -1, -1, -1]",2,-10000000,-10000000,,ALNS
1765859514.712706,implement,send_action,0,3000000000004,92,367,2,mix_mu_5_40_terminal_dependent,190.0,1,"[3.0, -1, -1, -1, -1, -1, -1, -1, -1, -1]",2,0,-10000000,,RL
1765859514.7147062,implement,begin_removal,0,3000000000001,99,367,2,mix_mu_5_40_terminal_dependent,162.0,1,"[3.0, -1, -1, -1, -1, -1, -1, -1, -1, -1]",2,-10000000,-10000000,,ALNS
1765859514.782043,implement,send_action,0,3000000000001,99,367,2,mix_mu_5_40_terminal_dependent,162.0,1,"[3.0, -1, -1, -1, -1, -1, -1, -1, -1, -1]",2,0,-10000000,,RL
1765859516.1352735,implement,begin_removal,1,3000000000001,99,367,17,mix_mu_5_40_terminal_dependent,146.4,1,"[2.0, -1, -1, -1, -1, -1, -1, -1, -1, -1]",17,-10000000,-10000000,,ALNS
1765859516.1812603,implement,send_action,1,3000000000001,99,367,17,mix_mu_5_40_terminal_dependent,146.4,5,"[2.0, -1, -1, -1, -1, -1, -1, -1, -1, -1]",17,0,-10000000,,RL
1765859525.708216,implement,begin_removal,1,3000000000004,92,366,99,mix_mu_5_40_terminal_dependent,93.0,5,"[3.0, -1, -1, -1, -1, -1, -1, -1, -1, -1]",99,-10000000,-10000000,,ALNS
1765859525.7551212,implement,send_action,1,3000000000004,92,366,99,mix_mu_5_40_terminal_dependent,93.0,1,"[3.0, -1, -1, -1, -1, -1, -1, -1, -1, -1]",99,0,-10000000,,RL
1765859525.756426,implement,begin_removal,1,3000000000001,99,366,99,mix_mu_5_40_terminal_dependent,65.0,1,"[3.0, -1, -1, -1, -1, -1, -1, -1, -1, -1]",99,-10000000,-10000000,,ALNS
1765859525.829719,implement,send_action,1,3000000000001,99,366,99,mix_mu_5_40_terminal_dependent,65.0,1,"[3.0, -1, -1, -1, -1, -1, -1, -1, -1, -1]",99,0,-10000000,,RL
1765859532.7692974,implement,begin_removal,0,3000000000004,92,365,1,mix_mu_5_40_terminal_dependent,191.0,1,"[3.0, -1, -1, -1, -1, -1, -1, -1, -1, -1]",1,-10000000,-10000000,,ALNS
1765859532.8100433,implement,send_action,0,3000000000004,92,365,1,mix_mu_5_40_terminal_dependent,191.0,1,"[3.0, -1, -1, -1, -1, -1, -1, -1, -1, -1]",1,0,-10000000,,RL
1765859532.8110492,implement,begin_removal,0,3000000000001,99,365,1,mix_mu_5_40_terminal_dependent,163.0,1,"[3.0, -1, -1, -1, -1, -1, -1, -1, -1, -1]",1,-10000000,-10000000,,ALNS
1765859532.8545752,implement,send_action,0,3000000000001,99,365,1,mix_mu_5_40_terminal_dependent,163.0,1,"[3.0, -1, -1, -1, -1, -1, -1, -1, -1, -1]",1,0,-10000000,,RL
1765859561.5309706,implement,begin_removal,0,3000000000002,6,361,2,mix_mu_5_40_terminal_dependent,59.0,1,"[0, -1, -1, -1, -1, -1, -1, -1, -1, -1]",2,-10000000,-10000000,,ALNS
1765859561.5731866,implement,send_action,0,3000000000002,6,361,2,mix_mu_5_40_terminal_dependent,59.0,5,"[0, -1, -1, -1, -1, -1, -1, -1, -1, -1]",2,0,-10000000,,RL
1765859561.5744965,implement,begin_removal,0,3000000000003,8,361,2,mix_mu_5_40_terminal_dependent,88.0,5,"[0, -1, -1, -1, -1, -1, -1, -1, -1, -1]",2,-10000000,-10000000,,ALNS
1765859561.6208844,implement,send_action,0,3000000000003,8,361,2,mix_mu_5_40_terminal_dependent,88.0,5,"[0, -1, -1, -1, -1, -1, -1, -1, -1, -1]",2,0,-10000000,,RL
1765859561.6228943,implement,begin_removal,0,3000000000000,27,361,2,mix_mu_5_40_terminal_dependent,95.0,5,"[0, -1, -1, -1, -1, -1, -1, -1, -1, -1]",2,-10000000,-10000000,,ALNS
1765859561.6868916,implement,send_action,0,3000000000000,27,361,2,mix_mu_5_40_terminal_dependent,95.0,5,"[0, -1, -1, -1, -1, -1, -1, -1, -1, -1]",2,0,-10000000,,RL
1765859571.3321612,implement,begin_removal,0,3000000000004,92,360,3,mix_mu_5_40_terminal_dependent,187.8,5,"[1.0, -1, -1, -1, -1, -1, -1, -1, -1, -1]",3,-10000000,-10000000,,ALNS
1765859571.375296,implement,send_action,0,3000000000004,92,360,3,mix_mu_5_40_terminal_dependent,187.8,1,"[1.0, -1, -1, -1, -1, -1, -1, -1, -1, -1]",3,0,-10000000,,RL
1765859584.929175,implement,begin_removal,0,3000000000002,6,358,3,mix_mu_5_40_terminal_dependent,64.0,1,"[3, -1, -1, -1, -1, -1, -1, -1, -1, -1]",3,-10000000,-10000000,,ALNS
1765859584.9688442,implement,send_action,0,3000000000002,6,358,3,mix_mu_5_40_terminal_dependent,64.0,3,"[3, -1, -1, -1, -1, -1, -1, -1, -1, -1]",3,0,-10000000,,RL
1765859584.9712203,implement,begin_removal,0,3000000000003,8,358,3,mix_mu_5_40_terminal_dependent,93.0,3,"[3, -1, -1, -1, -1, -1, -1, -1, -1, -1]",3,-10000000,-10000000,,ALNS
1765859585.0214858,implement,send_action,0,3000000000003,8,358,3,mix_mu_5_40_terminal_dependent,93.0,3,"[3, -1, -1, -1, -1, -1, -1, -1, -1, -1]",3,0,-10000000,,RL
1765859586.3763943,implement,begin_removal,1,3000000000003,8,358,63,mix_mu_5_40_terminal_dependent,27.0,3,"[0, -1, -1, -1, -1, -1, -1, -1, -1, -1]",63,-10000000,-10000000,,ALNS
1765859586.4230504,implement,send_action,1,3000000000003,8,358,63,mix_mu_5_40_terminal_dependent,27.0,2,"[0, -1, -1, -1, -1, -1, -1, -1, -1, -1]",63,0,-10000000,,RL
1765859586.4245172,implement,begin_removal,1,3000000000000,27,358,63,mix_mu_5_40_terminal_dependent,34.0,2,"[0, -1, -1, -1, -1, -1, -1, -1, -1, -1]",63,-10000000,-10000000,,ALNS
1765859586.468515,implement,send_action,1,3000000000000,27,358,63,mix_mu_5_40_terminal_dependent,34.0,2,"[0, -1, -1, -1, -1, -1, -1, -1, -1, -1]",63,0,-10000000,,RL
1765859601.620204,implement,begin_removal,1,3000000000004,92,356,15,mix_mu_5_40_terminal_dependent,175.8,2,"[1.0, -1, -1, -1, -1, -1, -1, -1, -1, -1]",15,-10000000,-10000000,,ALNS
1765859601.6626744,implement,send_action,1,3000000000004,92,356,15,mix_mu_5_40_terminal_dependent,175.8,2,"[1.0, -1, -1, -1, -1, -1, -1, -1, -1, -1]",15,0,-10000000,,RL
1765859611.4552991,implement,begin_removal,1,3000000000000,27,355,52,mix_mu_5_40_terminal_dependent,57.0,2,"[6, -1, -1, -1, -1, -1, -1, -1, -1, -1]",52,-10000000,-10000000,,ALNS
1765859611.4987192,implement,send_action,1,3000000000000,27,355,52,mix_mu_5_40_terminal_dependent,57.0,3,"[6, -1, -1, -1, -1, -1, -1, -1, -1, -1]",52,0,-10000000,,RL
1765859665.1054134,implement,begin_removal,0,3000000000002,6,348,1,mix_mu_5_40_terminal_dependent,60.0,3,"[0, -1, -1, -1, -1, -1, -1, -1, -1, -1]",1,-10000000,-10000000,,ALNS
1765859665.1497881,implement,send_action,0,3000000000002,6,348,1,mix_mu_5_40_terminal_dependent,60.0,5,"[0, -1, -1, -1, -1, -1, -1, -1, -1, -1]",1,0,-10000000,,RL
1765859665.1517863,implement,begin_removal,0,3000000000003,8,348,1,mix_mu_5_40_terminal_dependent,89.0,5,"[0, -1, -1, -1, -1, -1, -1, -1, -1, -1]",1,-10000000,-10000000,,ALNS
1765859665.1982374,implement,send_action,0,3000000000003,8,348,1,mix_mu_5_40_terminal_dependent,89.0,5,"[0, -1, -1, -1, -1, -1, -1, -1, -1, -1]",1,0,-10000000,,RL
1765859665.200239,implement,begin_removal,0,3000000000000,27,348,1,mix_mu_5_40_terminal_dependent,96.0,5,"[0, -1, -1, -1, -1, -1, -1, -1, -1, -1]",1,-10000000,-10000000,,ALNS
1765859665.2783122,implement,send_action,0,3000000000000,27,348,1,mix_mu_5_40_terminal_dependent,96.0,5,"[0, -1, -1, -1, -1, -1, -1, -1, -1, -1]",1,0,-10000000,,RL
1765859680.3362956,implement,begin_removal,0,3000000000001,99,346,3,mix_mu_5_40_terminal_dependent,160.4,5,"[2.0, -1, -1, -1, -1, -1, -1, -1, -1, -1]",3,-10000000,-10000000,,ALNS
1765859680.378827,implement,send_action,0,3000000000001,99,346,3,mix_mu_5_40_terminal_dependent,160.4,2,"[2.0, -1, -1, -1, -1, -1, -1, -1, -1, -1]",3,0,-10000000,,RL
1765859683.0333667,implement,begin_removal,2,3000000000003,8,346,67,mix_mu_5_40_terminal_dependent,23.0,2,"[0, -1, -1, -1, -1, -1, -1, -1, -1, -1]",67,-10000000,-10000000,,ALNS
1765859683.0740147,implement,begin_removal,2,3000000000000,27,346,67,mix_mu_5_40_terminal_dependent,30.0,3,"[0, -1, -1, -1, -1, -1, -1, -1, -1, -1]",67,-10000000,-10000000,,ALNS
1765859683.0725446,implement,send_action,2,3000000000003,8,346,67,mix_mu_5_40_terminal_dependent,23.0,3,"[0, -1, -1, -1, -1, -1, -1, -1, -1, -1]",67,0,-10000000,,RL
1765859683.1710405,implement,send_action,2,3000000000000,27,346,67,mix_mu_5_40_terminal_dependent,30.0,3,"[0, -1, -1, -1, -1, -1, -1, -1, -1, -1]",67,0,-10000000,,RL
1765859698.3209605,implement,begin_removal,0,3000000000004,92,344,3,mix_mu_5_40_terminal_dependent,189.0,3,"[3.0, -1, -1, -1, -1, -1, -1, -1, -1, -1]",3,-10000000,-10000000,,ALNS
1765859698.3640676,implement,send_action,0,3000000000004,92,344,3,mix_mu_5_40_terminal_dependent,189.0,3,"[3.0, -1, -1, -1, -1, -1, -1, -1, -1, -1]",3,0,-10000000,,RL
1765859698.3660672,implement,begin_removal,0,3000000000001,99,344,3,mix_mu_5_40_terminal_dependent,161.0,3,"[3.0, -1, -1, -1, -1, -1, -1, -1, -1, -1]",3,-10000000,-10000000,,ALNS
1765859698.4328022,implement,send_action,0,3000000000001,99,344,3,mix_mu_5_40_terminal_dependent,161.0,3,"[3.0, -1, -1, -1, -1, -1, -1, -1, -1, -1]",3,0,-10000000,,RL
1765859716.0337777,implement,begin_removal,0,3000000000004,92,342,2,mix_mu_5_40_terminal_dependent,188.8,3,"[1.0, -1, -1, -1, -1, -1, -1, -1, -1, -1]",2,-10000000,-10000000,,ALNS
1765859716.0766537,implement,send_action,0,3000000000004,92,342,2,mix_mu_5_40_terminal_dependent,188.8,2,"[1.0, -1, -1, -1, -1, -1, -1, -1, -1, -1]",2,0,-10000000,,RL
1765859739.4806182,implement,begin_removal,1,3000000000004,92,339,73,mix_mu_5_40_terminal_dependent,119.0,2,"[3.0, -1, -1, -1, -1, -1, -1, -1, -1, -1]",73,-10000000,-10000000,,ALNS
1765859739.5227482,implement,send_action,1,3000000000004,92,339,73,mix_mu_5_40_terminal_dependent,119.0,5,"[3.0, -1, -1, -1, -1, -1, -1, -1, -1, -1]",73,0,-10000000,,RL
1765859739.525092,implement,begin_removal,1,3000000000001,99,339,73,mix_mu_5_40_terminal_dependent,91.0,5,"[3.0, -1, -1, -1, -1, -1, -1, -1, -1, -1]",73,-10000000,-10000000,,ALNS
1765859739.5858932,implement,send_action,1,3000000000001,99,339,73,mix_mu_5_40_terminal_dependent,91.0,5,"[3.0, -1, -1, -1, -1, -1, -1, -1, -1, -1]",73,0,-10000000,,RL
1765859746.5994906,implement,begin_removal,0,3000000000001,99,338,3,mix_mu_5_40_terminal_dependent,160.4,5,"[2.0, -1, -1, -1, -1, -1, -1, -1, -1, -1]",3,-10000000,-10000000,,ALNS
1765859746.643769,implement,send_action,0,3000000000001,99,338,3,mix_mu_5_40_terminal_dependent,160.4,5,"[2.0, -1, -1, -1, -1, -1, -1, -1, -1, -1]",3,0,-10000000,,RL
1765859760.1927457,implement,begin_removal,0,3000000000000,27,336,1,mix_mu_5_40_terminal_dependent,108.0,5,"[6, -1, -1, -1, -1, -1, -1, -1, -1, -1]",1,-10000000,-10000000,,ALNS
1765859760.2333856,implement,send_action,0,3000000000000,27,336,1,mix_mu_5_40_terminal_dependent,108.0,5,"[6, -1, -1, -1, -1, -1, -1, -1, -1, -1]",1,0,-10000000,,RL
1765859776.2877562,implement,begin_removal,1,3000000000004,92,334,48,mix_mu_5_40_terminal_dependent,144.0,5,"[3.0, -1, -1, -1, -1, -1, -1, -1, -1, -1]",48,-10000000,-10000000,,ALNS
1765859776.50438,implement,send_action,1,3000000000004,92,334,48,mix_mu_5_40_terminal_dependent,144.0,3,"[3.0, -1, -1, -1, -1, -1, -1, -1, -1, -1]",48,0,-10000000,,RL
1765859776.5063815,implement,begin_removal,1,3000000000001,99,334,48,mix_mu_5_40_terminal_dependent,116.0,3,"[3.0, -1, -1, -1, -1, -1, -1, -1, -1, -1]",48,-10000000,-10000000,,ALNS
1765859776.567641,implement,send_action,1,3000000000001,99,334,48,mix_mu_5_40_terminal_dependent,116.0,3,"[3.0, -1, -1, -1, -1, -1, -1, -1, -1, -1]",48,0,-10000000,,RL
1765859790.2176502,implement,begin_removal,0,3000000000002,6,332,4,mix_mu_5_40_terminal_dependent,63.0,3,"[3, -1, -1, -1, -1, -1, -1, -1, -1, -1]",4,-10000000,-10000000,,ALNS
1765859790.2695787,implement,send_action,0,3000000000002,6,332,4,mix_mu_5_40_terminal_dependent,63.0,3,"[3, -1, -1, -1, -1, -1, -1, -1, -1, -1]",4,0,-10000000,,RL
1765859790.2710845,implement,begin_removal,0,3000000000003,8,332,4,mix_mu_5_40_terminal_dependent,92.0,3,"[3, -1, -1, -1, -1, -1, -1, -1, -1, -1]",4,-10000000,-10000000,,ALNS
1765859790.3374968,implement,send_action,0,3000000000003,8,332,4,mix_mu_5_40_terminal_dependent,92.0,3,"[3, -1, -1, -1, -1, -1, -1, -1, -1, -1]",4,1,-10000000,,RL
1765859805.3058407,implement,begin_removal,0,3000000000002,6,330,2,mix_mu_5_40_terminal_dependent,59.0,3,"[0, -1, -1, -1, -1, -1, -1, -1, -1, -1]",2,-10000000,-10000000,,ALNS
1765859805.3538792,implement,send_action,0,3000000000002,6,330,2,mix_mu_5_40_terminal_dependent,59.0,4,"[0, -1, -1, -1, -1, -1, -1, -1, -1, -1]",2,0,-10000000,,RL
1765859805.3548787,implement,begin_removal,0,3000000000003,8,330,2,mix_mu_5_40_terminal_dependent,88.0,4,"[0, -1, -1, -1, -1, -1, -1, -1, -1, -1]",2,-10000000,-10000000,,ALNS
1765859805.4068427,implement,send_action,0,3000000000003,8,330,2,mix_mu_5_40_terminal_dependent,88.0,4,"[0, -1, -1, -1, -1, -1, -1, -1, -1, -1]",2,0,-10000000,,RL
1765859805.4094708,implement,begin_removal,0,3000000000000,27,330,2,mix_mu_5_40_terminal_dependent,95.0,4,"[0, -1, -1, -1, -1, -1, -1, -1, -1, -1]",2,-10000000,-10000000,,ALNS
1765859805.4557295,implement,send_action,0,3000000000000,27,330,2,mix_mu_5_40_terminal_dependent,95.0,4,"[0, -1, -1, -1, -1, -1, -1, -1, -1, -1]",2,0,-10000000,,RL
1765859813.6391785,implement,begin_removal,1,3000000000000,27,329,48,mix_mu_5_40_terminal_dependent,61.0,4,"[6, -1, -1, -1, -1, -1, -1, -1, -1, -1]",48,-10000000,-10000000,,ALNS
1765859813.6783667,implement,send_action,1,3000000000000,27,329,48,mix_mu_5_40_terminal_dependent,61.0,4,"[6, -1, -1, -1, -1, -1, -1, -1, -1, -1]",48,0,-10000000,,RL
1765859823.431285,implement,begin_removal,1,3000000000000,27,328,20,mix_mu_5_40_terminal_dependent,89.0,4,"[6, -1, -1, -1, -1, -1, -1, -1, -1, -1]",20,-10000000,-10000000,,ALNS
1765859823.4759045,implement,send_action,1,3000000000000,27,328,20,mix_mu_5_40_terminal_dependent,89.0,5,"[6, -1, -1, -1, -1, -1, -1, -1, -1, -1]",20,0,-10000000,,RL
1765859851.891732,implement,begin_removal,0,3000000000004,92,324,2,mix_mu_5_40_terminal_dependent,188.8,5,"[1.0, -1, -1, -1, -1, -1, -1, -1, -1, -1]",2,-10000000,-10000000,,ALNS
1765859851.9292667,implement,send_action,0,3000000000004,92,324,2,mix_mu_5_40_terminal_dependent,188.8,2,"[1.0, -1, -1, -1, -1, -1, -1, -1, -1, -1]",2,0,-10000000,,RL
1765859876.6561165,implement,begin_removal,0,3000000000002,6,321,4,mix_mu_5_40_terminal_dependent,57.0,2,"[0, -1, -1, -1, -1, -1, -1, -1, -1, -1]",4,-10000000,-10000000,,ALNS
1765859876.700786,implement,begin_removal,0,3000000000003,8,321,4,mix_mu_5_40_terminal_dependent,86.0,5,"[0, -1, -1, -1, -1, -1, -1, -1, -1, -1]",4,-10000000,-10000000,,ALNS
1765859876.7689698,implement,send_action,0,3000000000003,8,321,4,mix_mu_5_40_terminal_dependent,86.0,5,"[0, -1, -1, -1, -1, -1, -1, -1, -1, -1]",4,0,-10000000,,RL
1765859876.77097,implement,begin_removal,0,3000000000000,27,321,4,mix_mu_5_40_terminal_dependent,93.0,5,"[0, -1, -1, -1, -1, -1, -1, -1, -1, -1]",4,-10000000,-10000000,,ALNS
1765859876.8192358,implement,send_action,0,3000000000000,27,321,4,mix_mu_5_40_terminal_dependent,93.0,5,"[0, -1, -1, -1, -1, -1, -1, -1, -1, -1]",4,0,-10000000,,RL
1765859890.4297354,implement,begin_removal,0,3000000000002,6,319,3,mix_mu_5_40_terminal_dependent,64.0,5,"[3, -1, -1, -1, -1, -1, -1, -1, -1, -1]",3,-10000000,-10000000,,ALNS
1765859890.4708915,implement,send_action,0,3000000000002,6,319,3,mix_mu_5_40_terminal_dependent,64.0,3,"[3, -1, -1, -1, -1, -1, -1, -1, -1, -1]",3,0,-10000000,,RL
1765859890.4728925,implement,begin_removal,0,3000000000003,8,319,3,mix_mu_5_40_terminal_dependent,93.0,3,"[3, -1, -1, -1, -1, -1, -1, -1, -1, -1]",3,-10000000,-10000000,,ALNS
1765859890.530774,implement,send_action,0,3000000000003,8,319,3,mix_mu_5_40_terminal_dependent,93.0,3,"[3, -1, -1, -1, -1, -1, -1, -1, -1, -1]",3,0,-10000000,,RL
1765859900.2317774,implement,begin_removal,0,3000000000002,6,318,4,mix_mu_5_40_terminal_dependent,57.0,3,"[0, -1, -1, -1, -1, -1, -1, -1, -1, -1]",4,-10000000,-10000000,,ALNS
1765859900.2798004,implement,begin_removal,0,3000000000003,8,318,4,mix_mu_5_40_terminal_dependent,86.0,2,"[0, -1, -1, -1, -1, -1, -1, -1, -1, -1]",4,-10000000,-10000000,,ALNS
1765859900.3332307,implement,send_action,0,3000000000003,8,318,4,mix_mu_5_40_terminal_dependent,86.0,2,"[0, -1, -1, -1, -1, -1, -1, -1, -1, -1]",4,0,-10000000,,RL
1765859900.3348017,implement,begin_removal,0,3000000000000,27,318,4,mix_mu_5_40_terminal_dependent,93.0,2,"[0, -1, -1, -1, -1, -1, -1, -1, -1, -1]",4,-10000000,-10000000,,ALNS
1765859900.3812385,implement,send_action,0,3000000000000,27,318,4,mix_mu_5_40_terminal_dependent,93.0,2,"[0, -1, -1, -1, -1, -1, -1, -1, -1, -1]",4,0,-10000000,,RL
1765859915.703114,implement,begin_removal,1,3000000000003,8,316,62,mix_mu_5_40_terminal_dependent,34.0,2,"[3, -1, -1, -1, -1, -1, -1, -1, -1, -1]",62,-10000000,-10000000,,ALNS
1765859915.7499194,implement,send_action,1,3000000000003,8,316,62,mix_mu_5_40_terminal_dependent,34.0,2,"[3, -1, -1, -1, -1, -1, -1, -1, -1, -1]",62,0,-10000000,,RL
1765859917.1551075,implement,begin_removal,2,3000000000001,99,316,101,mix_mu_5_40_terminal_dependent,62.400000000000006,2,"[2.0, -1, -1, -1, -1, -1, -1, -1, -1, -1]",101,-10000000,-10000000,,ALNS
1765859917.2050667,implement,send_action,2,3000000000001,99,316,101,mix_mu_5_40_terminal_dependent,62.400000000000006,3,"[2.0, -1, -1, -1, -1, -1, -1, -1, -1, -1]",101,0,-10000000,,RL
1765859925.5255337,implement,begin_removal,1,3000000000003,8,315,67,mix_mu_5_40_terminal_dependent,23.0,3,"[0, -1, -1, -1, -1, -1, -1, -1, -1, -1]",67,-10000000,-10000000,,ALNS
1765859925.5716057,implement,send_action,1,3000000000003,8,315,67,mix_mu_5_40_terminal_dependent,23.0,4,"[0, -1, -1, -1, -1, -1, -1, -1, -1, -1]",67,0,-10000000,,RL
1765859925.5736072,implement,begin_removal,1,3000000000000,27,315,67,mix_mu_5_40_terminal_dependent,30.0,4,"[0, -1, -1, -1, -1, -1, -1, -1, -1, -1]",67,-10000000,-10000000,,ALNS
1765859925.6601422,implement,send_action,1,3000000000000,27,315,67,mix_mu_5_40_terminal_dependent,30.0,4,"[0, -1, -1, -1, -1, -1, -1, -1, -1, -1]",67,0,-10000000,,RL
1765859931.1610918,implement,begin_removal,0,3000000000001,99,314,2,mix_mu_5_40_terminal_dependent,161.4,4,"[2.0, -1, -1, -1, -1, -1, -1, -1, -1, -1]",2,-10000000,-10000000,,ALNS
1765859931.2031105,implement,send_action,0,3000000000001,99,314,2,mix_mu_5_40_terminal_dependent,161.4,3,"[2.0, -1, -1, -1, -1, -1, -1, -1, -1, -1]",2,0,-10000000,,RL
1765859939.5108485,implement,begin_removal,0,3000000000002,6,313,1,mix_mu_5_40_terminal_dependent,60.0,3,"[0, -1, -1, -1, -1, -1, -1, -1, -1, -1]",1,-10000000,-10000000,,ALNS
1765859939.5567555,implement,send_action,0,3000000000002,6,313,1,mix_mu_5_40_terminal_dependent,60.0,2,"[0, -1, -1, -1, -1, -1, -1, -1, -1, -1]",1,0,-10000000,,RL
1765859939.557758,implement,begin_removal,0,3000000000003,8,313,1,mix_mu_5_40_terminal_dependent,89.0,2,"[0, -1, -1, -1, -1, -1, -1, -1, -1, -1]",1,-10000000,-10000000,,ALNS
1765859939.639844,implement,send_action,0,3000000000003,8,313,1,mix_mu_5_40_terminal_dependent,89.0,2,"[0, -1, -1, -1, -1, -1, -1, -1, -1, -1]",1,0,-10000000,,RL
1765859939.6423354,implement,begin_removal,0,3000000000000,27,313,1,mix_mu_5_40_terminal_dependent,96.0,2,"[0, -1, -1, -1, -1, -1, -1, -1, -1, -1]",1,-10000000,-10000000,,ALNS
1765859939.6883798,implement,send_action,0,3000000000000,27,313,1,mix_mu_5_40_terminal_dependent,96.0,2,"[0, -1, -1, -1, -1, -1, -1, -1, -1, -1]",1,0,-10000000,,RL
1765859960.3817086,implement,begin_removal,2,3000000000001,99,311,97,mix_mu_5_40_terminal_dependent,66.4,2,"[2.0, -1, -1, -1, -1, -1, -1, -1, -1, -1]",97,-10000000,-10000000,,ALNS
1765859960.4236405,implement,send_action,2,3000000000001,99,311,97,mix_mu_5_40_terminal_dependent,66.4,3,"[2.0, -1, -1, -1, -1, -1, -1, -1, -1, -1]",97,0,-10000000,,RL
1765859965.7787125,implement,begin_removal,0,3000000000004,92,310,2,mix_mu_5_40_terminal_dependent,188.8,3,"[1.0, -1, -1, -1, -1, -1, -1, -1, -1, -1]",2,-10000000,-10000000,,ALNS
1765859965.8231206,implement,send_action,0,3000000000004,92,310,2,mix_mu_5_40_terminal_dependent,188.8,5,"[1.0, -1, -1, -1, -1, -1, -1, -1, -1, -1]",2,0,-10000000,,RL
1765859982.4298375,implement,begin_removal,0,3000000000000,27,308,4,mix_mu_5_40_terminal_dependent,105.0,5,"[6, -1, -1, -1, -1, -1, -1, -1, -1, -1]",4,-10000000,-10000000,,ALNS
1765859982.4713235,implement,send_action,0,3000000000000,27,308,4,mix_mu_5_40_terminal_dependent,105.0,4,"[6, -1, -1, -1, -1, -1, -1, -1, -1, -1]",4,0,-10000000,,RL
1765860025.533368,implement,begin_removal,0,3000000000004,92,303,3,mix_mu_5_40_terminal_dependent,187.8,4,"[1.0, -1, -1, -1, -1, -1, -1, -1, -1, -1]",3,-10000000,-10000000,,ALNS
1765860025.740319,implement,send_action,0,3000000000004,92,303,3,mix_mu_5_40_terminal_dependent,187.8,1,"[1.0, -1, -1, -1, -1, -1, -1, -1, -1, -1]",3,0,-10000000,,RL
1765860027.1320598,implement,begin_removal,1,3000000000000,27,303,21,mix_mu_5_40_terminal_dependent,88.0,1,"[6, -1, -1, -1, -1, -1, -1, -1, -1, -1]",21,-10000000,-10000000,,ALNS
1765860027.177126,implement,send_action,1,3000000000000,27,303,21,mix_mu_5_40_terminal_dependent,88.0,5,"[6, -1, -1, -1, -1, -1, -1, -1, -1, -1]",21,0,-10000000,,RL
1765860035.5730681,implement,begin_removal,1,3000000000004,92,302,74,mix_mu_5_40_terminal_dependent,118.0,5,"[3.0, -1, -1, -1, -1, -1, -1, -1, -1, -1]",74,-10000000,-10000000,,ALNS
1765860035.6166725,implement,send_action,1,3000000000004,92,302,74,mix_mu_5_40_terminal_dependent,118.0,5,"[3.0, -1, -1, -1, -1, -1, -1, -1, -1, -1]",74,0,-10000000,,RL
1765860035.6176717,implement,begin_removal,1,3000000000001,99,302,74,mix_mu_5_40_terminal_dependent,90.0,5,"[3.0, -1, -1, -1, -1, -1, -1, -1, -1, -1]",74,-10000000,-10000000,,ALNS
1765860035.6628063,implement,send_action,1,3000000000001,99,302,74,mix_mu_5_40_terminal_dependent,90.0,5,"[3.0, -1, -1, -1, -1, -1, -1, -1, -1, -1]",74,0,-10000000,,RL
1765860056.4618711,implement,begin_removal,1,3000000000003,8,299,52,mix_mu_5_40_terminal_dependent,38.0,5,"[0, -1, -1, -1, -1, -1, -1, -1, -1, -1]",52,-10000000,-10000000,,ALNS
1765860056.5114899,implement,begin_removal,1,3000000000000,27,299,52,mix_mu_5_40_terminal_dependent,45.0,3,"[0, -1, -1, -1, -1, -1, -1, -1, -1, -1]",52,-10000000,-10000000,,ALNS
1765860056.6062636,implement,send_action,1,3000000000000,27,299,52,mix_mu_5_40_terminal_dependent,45.0,3,"[0, -1, -1, -1, -1, -1, -1, -1, -1, -1]",52,0,-10000000,,RL
1765860063.5685935,implement,begin_removal,0,3000000000002,6,298,4,mix_mu_5_40_terminal_dependent,57.0,3,"[0, -1, -1, -1, -1, -1, -1, -1, -1, -1]",4,-10000000,-10000000,,ALNS
1765860063.6136546,implement,send_action,0,3000000000002,6,298,4,mix_mu_5_40_terminal_dependent,57.0,2,"[0, -1, -1, -1, -1, -1, -1, -1, -1, -1]",4,0,-10000000,,RL
0000,,ALNS
1765860063.7170181,implement,send_action,0,3000000000003,8,298,4,mix_mu_5_40_terminal_dependent,86.0,2,"[0, -1, -1, -1, -1, -1, -1, -1, -1, -1]",4,0,-10000000,,RL
1765860063.719012,implement,begin_removal,0,3000000000000,27,298,4,mix_mu_5_40_terminal_dependent,93.0,2,"[0, -1, -1, -1, -1, -1, -1, -1, -1, -1]",4,-10000000,-10000000,,ALNS
1765860063.942512,implement,send_action,0,3000000000000,27,298,4,mix_mu_5_40_terminal_dependent,93.0,2,"[0, -1, -1, -1, -1, -1, -1, -1, -1, -1]",4,0,-10000000,,RL
1765860070.8382225,implement,begin_removal,0,3000000000004,92,297,2,mix_mu_5_40_terminal_dependent,188.8,2,"[1.0, -1, -1, -1, -1, -1, -1, -1, -1, -1]",2,-10000000,-10000000,,ALNS
1765860070.884147,implement,send_action,0,3000000000004,92,297,2,mix_mu_5_40_terminal_dependent,188.8,4,"[1.0, -1, -1, -1, -1, -1, -1, -1, -1, -1]",2,0,-10000000,,RL
1765860088.6200237,implement,begin_removal,3,3000000000001,99,295,61,mix_mu_5_40_terminal_dependent,102.4,4,"[2.0, -1, -1, -1, -1, -1, -1, -1, -1, -1]",61,-10000000,-10000000,,ALNS
1765860088.6648757,implement,send_action,3,3000000000001,99,295,61,mix_mu_5_40_terminal_dependent,102.4,2,"[2.0, -1, -1, -1, -1, -1, -1, -1, -1, -1]",61,0,-10000000,,RL
1765860098.4756389,implement,begin_removal,1,3000000000000,27,294,60,mix_mu_5_40_terminal_dependent,49.0,2,"[6, -1, -1, -1, -1, -1, -1, -1, -1, -1]",60,-10000000,-10000000,,ALNS
1765860098.518448,implement,send_action,1,3000000000000,27,294,60,mix_mu_5_40_terminal_dependent,49.0,2,"[6, -1, -1, -1, -1, -1, -1, -1, -1, -1]",60,0,-10000000,,RL
1765860106.6477776,implement,begin_removal,0,3000000000002,6,293,4,mix_mu_5_40_terminal_dependent,63.0,2,"[3, -1, -1, -1, -1, -1, -1, -1, -1, -1]",4,-10000000,-10000000,,ALNS
1765860106.6918283,implement,send_action,0,3000000000002,6,293,4,mix_mu_5_40_terminal_dependent,63.0,4,"[3, -1, -1, -1, -1, -1, -1, -1, -1, -1]",4,0,-10000000,,RL
1765860106.6928282,implement,begin_removal,0,3000000000003,8,293,4,mix_mu_5_40_terminal_dependent,92.0,4,"[3, -1, -1, -1, -1, -1, -1, -1, -1, -1]",4,-10000000,-10000000,,ALNS
1765860106.7558796,implement,send_action,0,3000000000003,8,293,4,mix_mu_5_40_terminal_dependent,92.0,4,"[3, -1, -1, -1, -1, -1, -1, -1, -1, -1]",4,0,-10000000,,RL
1765860129.173341,implement,begin_removal,0,3000000000002,6,290,3,mix_mu_5_40_terminal_dependent,64.0,4,"[3, -1, -1, -1, -1, -1, -1, -1, -1, -1]",3,-10000000,-10000000,,ALNS
1765860129.2180853,implement,begin_removal,0,3000000000003,8,290,3,mix_mu_5_40_terminal_dependent,93.0,4,"[3, -1, -1, -1, -1, -1, -1, -1, -1, -1]",3,-10000000,-10000000,,ALNS
1765860129.2862134,implement,send_action,0,3000000000003,8,290,3,mix_mu_5_40_terminal_dependent,93.0,4,"[3, -1, -1, -1, -1, -1, -1, -1, -1, -1]",3,0,-10000000,,RL
1765860183.1360981,implement,begin_removal,3,3000000000004,92,284,88,mix_mu_5_40_terminal_dependent,102.8,4,"[1.0, -1, -1, -1, -1, -1, -1, -1, -1, -1]",88,-10000000,-10000000,,ALNS
1765860183.1803613,implement,send_action,3,3000000000004,92,284,88,mix_mu_5_40_terminal_dependent,102.8,3,"[1.0, -1, -1, -1, -1, -1, -1, -1, -1, -1]",88,0,-10000000,,RL
1765860190.0645666,implement,begin_removal,1,3000000000004,92,283,25,mix_mu_5_40_terminal_dependent,165.8,3,"[1.0, -1, -1, -1, -1, -1, -1, -1, -1, -1]",25,-10000000,-10000000,,ALNS
1765860190.1095915,implement,send_action,1,3000000000004,92,283,25,mix_mu_5_40_terminal_dependent,165.8,2,"[1.0, -1, -1, -1, -1, -1, -1, -1, -1, -1]",25,0,-10000000,,RL
1765860194.3198936,implement,begin_removal,4,3000000000001,99,283,103,mix_mu_5_40_terminal_dependent,60.400000000000006,2,"[2.0, -1, -1, -1, -1, -1, -1, -1, -1, -1]",103,-10000000,-10000000,,ALNS
1765860194.3703883,implement,send_action,4,3000000000001,99,283,103,mix_mu_5_40_terminal_dependent,60.400000000000006,3,"[2.0, -1, -1, -1, -1, -1, -1, -1, -1, -1]",103,1,-10000000,,RL
1765860194.5975296,implement,send_action,4,3000000000001,99,283,103,mix_mu_5_40_terminal_dependent,60.400000000000006,3,"[2, 3, -1, -1, -1, -1, -1, -1, -1, -1]",103,0,-10000000,,RL
1765860207.5602732,implement,begin_removal,0,3000000000002,6,281,1,mix_mu_5_40_terminal_dependent,60.0,3,"[0, -1, -1, -1, -1, -1, -1, -1, -1, -1]",1,-10000000,-10000000,,ALNS
1765860207.6013632,implement,send_action,0,3000000000002,6,281,1,mix_mu_5_40_terminal_dependent,60.0,3,"[0, -1, -1, -1, -1, -1, -1, -1, -1, -1]",1,0,-10000000,,RL
1765860207.6041398,implement,begin_removal,0,3000000000003,8,281,1,mix_mu_5_40_terminal_dependent,89.0,3,"[0, -1, -1, -1, -1, -1, -1, -1, -1, -1]",1,-10000000,-10000000,,ALNS
1765860207.6785426,implement,send_action,0,3000000000003,8,281,1,mix_mu_5_40_terminal_dependent,89.0,3,"[0, -1, -1, -1, -1, -1, -1, -1, -1, -1]",1,0,-10000000,,RL
000,,ALNS
1765860207.7579076,implement,send_action,0,3000000000000,27,281,1,mix_mu_5_40_terminal_dependent,96.0,3,"[0, -1, -1, -1, -1, -1, -1, -1, -1, -1]",1,0,-10000000,,RL
1765860263.4130611,implement,begin_removal,1,3000000000000,27,274,57,mix_mu_5_40_terminal_dependent,52.0,3,"[6, -1, -1, -1, -1, -1, -1, -1, -1, -1]",57,-10000000,-10000000,,ALNS
1765860263.4573288,implement,send_action,1,3000000000000,27,274,57,mix_mu_5_40_terminal_dependent,52.0,2,"[6, -1, -1, -1, -1, -1, -1, -1, -1, -1]",57,0,-10000000,,RL
1765860285.2812328,implement,begin_removal,0,3000000000001,99,271,1,mix_mu_5_40_terminal_dependent,162.4,2,"[2.0, -1, -1, -1, -1, -1, -1, -1, -1, -1]",1,-10000000,-10000000,,ALNS
1765860285.3272552,implement,send_action,0,3000000000001,99,271,1,mix_mu_5_40_terminal_dependent,162.4,1,"[2.0, -1, -1, -1, -1, -1, -1, -1, -1, -1]",1,0,-10000000,,RL
1765860300.36771,implement,begin_removal,0,3000000000001,99,269,2,mix_mu_5_40_terminal_dependent,161.4,1,"[2.0, -1, -1, -1, -1, -1, -1, -1, -1, -1]",2,-10000000,-10000000,,ALNS
1765860300.409811,implement,send_action,0,3000000000001,99,269,2,mix_mu_5_40_terminal_dependent,161.4,1,"[2.0, -1, -1, -1, -1, -1, -1, -1, -1, -1]",2,0,-10000000,,RL
1765860318.3625507,implement,begin_removal,0,3000000000000,27,267,1,mix_mu_5_40_terminal_dependent,108.0,1,"[6, -1, -1, -1, -1, -1, -1, -1, -1, -1]",1,-10000000,-10000000,,ALNS
1765860318.408944,implement,send_action,0,3000000000000,27,267,1,mix_mu_5_40_terminal_dependent,108.0,2,"[6, -1, -1, -1, -1, -1, -1, -1, -1, -1]",1,0,-10000000,,RL
1765860319.7922366,implement,begin_removal,1,3000000000002,6,267,37,mix_mu_5_40_terminal_dependent,30.0,2,"[3, -1, -1, -1, -1, -1, -1, -1, -1, -1]",37,-10000000,-10000000,,ALNS
1765860319.8411903,implement,send_action,1,3000000000002,6,267,37,mix_mu_5_40_terminal_dependent,30.0,5,"[3, -1, -1, -1, -1, -1, -1, -1, -1, -1]",37,0,-10000000,,RL
1765860319.8427255,implement,begin_removal,1,3000000000003,8,267,37,mix_mu_5_40_terminal_dependent,59.0,5,"[3, -1, -1, -1, -1, -1, -1, -1, -1, -1]",37,-10000000,-10000000,,ALNS
1765860319.9079556,implement,send_action,1,3000000000003,8,267,37,mix_mu_5_40_terminal_dependent,59.0,5,"[3, -1, -1, -1, -1, -1, -1, -1, -1, -1]",37,0,-10000000,,RL
1765860358.693196,implement,begin_removal,1,3000000000004,92,262,57,mix_mu_5_40_terminal_dependent,133.8,5,"[1.0, -1, -1, -1, -1, -1, -1, -1, -1, -1]",57,-10000000,-10000000,,ALNS
1765860358.7390273,implement,send_action,1,3000000000004,92,262,57,mix_mu_5_40_terminal_dependent,133.8,4,"[1.0, -1, -1, -1, -1, -1, -1, -1, -1, -1]",57,0,-10000000,,RL
1765860374.0385551,implement,begin_removal,1,3000000000004,92,260,55,mix_mu_5_40_terminal_dependent,137.0,4,"[3.0, -1, -1, -1, -1, -1, -1, -1, -1, -1]",55,-10000000,-10000000,,ALNS
1765860374.0926917,implement,begin_removal,1,3000000000001,99,260,55,mix_mu_5_40_terminal_dependent,109.0,3,"[3.0, -1, -1, -1, -1, -1, -1, -1, -1, -1]",55,-10000000,-10000000,,ALNS
1765860374.174767,implement,send_action,1,3000000000001,99,260,55,mix_mu_5_40_terminal_dependent,109.0,3,"[3.0, -1, -1, -1, -1, -1, -1, -1, -1, -1]",55,0,-10000000,,RL
1765860409.0092978,implement,begin_removal,0,3000000000002,6,256,1,mix_mu_5_40_terminal_dependent,60.0,3,"[0, -1, -1, -1, -1, -1, -1, -1, -1, -1]",1,-10000000,-10000000,,ALNS
1765860409.049306,implement,send_action,0,3000000000002,6,256,1,mix_mu_5_40_terminal_dependent,60.0,5,"[0, -1, -1, -1, -1, -1, -1, -1, -1, -1]",1,0,-10000000,,RL
1765860409.0513124,implement,begin_removal,0,3000000000003,8,256,1,mix_mu_5_40_terminal_dependent,89.0,5,"[0, -1, -1, -1, -1, -1, -1, -1, -1, -1]",1,-10000000,-10000000,,ALNS
1765860409.0915875,implement,send_action,0,3000000000003,8,256,1,mix_mu_5_40_terminal_dependent,89.0,5,"[0, -1, -1, -1, -1, -1, -1, -1, -1, -1]",1,0,-10000000,,RL
1765860409.0935855,implement,begin_removal,0,3000000000000,27,256,1,mix_mu_5_40_terminal_dependent,96.0,5,"[0, -1, -1, -1, -1, -1, -1, -1, -1, -1]",1,-10000000,-10000000,,ALNS
1765860409.1454146,implement,send_action,0,3000000000000,27,256,1,mix_mu_5_40_terminal_dependent,96.0,5,"[0, -1, -1, -1, -1, -1, -1, -1, -1, -1]",1,0,-10000000,,RL
1765860416.1078053,implement,begin_removal,0,3000000000002,6,255,4,mix_mu_5_40_terminal_dependent,63.0,5,"[3, -1, -1, -1, -1, -1, -1, -1, -1, -1]",4,-10000000,-10000000,,ALNS
1765860416.1506648,implement,send_action,0,3000000000002,6,255,4,mix_mu_5_40_terminal_dependent,63.0,4,"[3, -1, -1, -1, -1, -1, -1, -1, -1, -1]",4,0,-10000000,,RL
1765860416.151664,implement,begin_removal,0,3000000000003,8,255,4,mix_mu_5_40_terminal_dependent,92.0,4,"[3, -1, -1, -1, -1, -1, -1, -1, -1, -1]",4,-10000000,-10000000,,ALNS
1765860416.212508,implement,send_action,0,3000000000003,8,255,4,mix_mu_5_40_terminal_dependent,92.0,4,"[3, -1, -1, -1, -1, -1, -1, -1, -1, -1]",4,0,-10000000,,RL
1765860417.5840116,implement,begin_removal,1,3000000000004,92,255,69,mix_mu_5_40_terminal_dependent,123.0,4,"[3.0, -1, -1, -1, -1, -1, -1, -1, -1, -1]",69,-10000000,-10000000,,ALNS
1765860417.627197,implement,send_action,1,3000000000004,92,255,69,mix_mu_5_40_terminal_dependent,123.0,1,"[3.0, -1, -1, -1, -1, -1, -1, -1, -1, -1]",69,0,-10000000,,RL
1765860417.629649,implement,begin_removal,1,3000000000001,99,255,69,mix_mu_5_40_terminal_dependent,95.0,1,"[3.0, -1, -1, -1, -1, -1, -1, -1, -1, -1]",69,-10000000,-10000000,,ALNS
1765860417.6818514,implement,send_action,1,3000000000001,99,255,69,mix_mu_5_40_terminal_dependent,95.0,1,"[3.0, -1, -1, -1, -1, -1, -1, -1, -1, -1]",69,0,-10000000,,RL
1765860456.459931,implement,begin_removal,1,3000000000002,6,250,38,mix_mu_5_40_terminal_dependent,23.0,1,"[0, -1, -1, -1, -1, -1, -1, -1, -1, -1]",38,-10000000,-10000000,,ALNS
1765860456.5044918,implement,send_action,1,3000000000002,6,250,38,mix_mu_5_40_terminal_dependent,23.0,5,"[0, -1, -1, -1, -1, -1, -1, -1, -1, -1]",38,0,-10000000,,RL
1765860456.5069544,implement,begin_removal,1,3000000000003,8,250,38,mix_mu_5_40_terminal_dependent,52.0,5,"[0, -1, -1, -1, -1, -1, -1, -1, -1, -1]",38,-10000000,-10000000,,ALNS
1765860456.553482,implement,send_action,1,3000000000003,8,250,38,mix_mu_5_40_terminal_dependent,52.0,5,"[0, -1, -1, -1, -1, -1, -1, -1, -1, -1]",38,0,-10000000,,RL
1765860456.5544808,implement,begin_removal,1,3000000000000,27,250,38,mix_mu_5_40_terminal_dependent,59.0,5,"[0, -1, -1, -1, -1, -1, -1, -1, -1, -1]",38,-10000000,-10000000,,ALNS
1765860456.631897,implement,send_action,1,3000000000000,27,250,38,mix_mu_5_40_terminal_dependent,59.0,5,"[0, -1, -1, -1, -1, -1, -1, -1, -1, -1]",38,0,-10000000,,RL
1765860467.800679,implement,begin_removal,0,3000000000000,27,248,3,mix_mu_5_40_terminal_dependent,106.0,5,"[6, -1, -1, -1, -1, -1, -1, -1, -1, -1]",3,-10000000,-10000000,,ALNS
1765860467.8402138,implement,send_action,0,3000000000000,27,248,3,mix_mu_5_40_terminal_dependent,106.0,6,"[6, -1, -1, -1, -1, -1, -1, -1, -1, -1]",3,0,-10000000,,RL
1765860485.7210405,implement,begin_removal,1,3000000000004,92,245,116,mix_mu_5_40_terminal_dependent,76.0,6,"[3.0, -1, -1, -1, -1, -1, -1, -1, -1, -1]",116,-10000000,-10000000,,ALNS
1765860485.7676873,implement,begin_removal,1,3000000000001,99,245,116,mix_mu_5_40_terminal_dependent,48.0,5,"[3.0, -1, -1, -1, -1, -1, -1, -1, -1, -1]",116,-10000000,-10000000,,ALNS
1765860485.8421092,implement,send_action,1,3000000000001,99,245,116,mix_mu_5_40_terminal_dependent,48.0,5,"[3.0, -1, -1, -1, -1, -1, -1, -1, -1, -1]",116,0,-10000000,,RL
1765860490.0845044,implement,begin_removal,0,3000000000004,92,244,4,mix_mu_5_40_terminal_dependent,188.0,5,"[3.0, -1, -1, -1, -1, -1, -1, -1, -1, -1]",4,-10000000,-10000000,,ALNS
1765860490.1271079,implement,send_action,0,3000000000004,92,244,4,mix_mu_5_40_terminal_dependent,188.0,6,"[3.0, -1, -1, -1, -1, -1, -1, -1, -1, -1]",4,0,-10000000,,RL
1765860490.129132,implement,begin_removal,0,3000000000001,99,244,4,mix_mu_5_40_terminal_dependent,160.0,6,"[3.0, -1, -1, -1, -1, -1, -1, -1, -1, -1]",4,-10000000,-10000000,,ALNS
1765860490.181666,implement,send_action,0,3000000000001,99,244,4,mix_mu_5_40_terminal_dependent,160.0,6,"[3.0, -1, -1, -1, -1, -1, -1, -1, -1, -1]",4,0,-10000000,,RL
1765860535.0657392,implement,begin_removal,0,3000000000001,99,236,1,mix_mu_5_40_terminal_dependent,162.4,6,"[2.0, -1, -1, -1, -1, -1, -1, -1, -1, -1]",1,-10000000,-10000000,,ALNS
1765860535.1098921,implement,send_action,0,3000000000001,99,236,1,mix_mu_5_40_terminal_dependent,162.4,6,"[2.0, -1, -1, -1, -1, -1, -1, -1, -1, -1]",1,0,-10000000,,RL
1765860541.961959,implement,begin_removal,1,3000000000004,92,235,98,mix_mu_5_40_terminal_dependent,94.0,6,"[3.0, -1, -1, -1, -1, -1, -1, -1, -1, -1]",98,-10000000,-10000000,,ALNS
1765860542.0073376,implement,send_action,1,3000000000004,92,235,98,mix_mu_5_40_terminal_dependent,94.0,6,"[3.0, -1, -1, -1, -1, -1, -1, -1, -1, -1]",98,0,-10000000,,RL
1765860542.009652,implement,begin_removal,1,3000000000001,99,235,98,mix_mu_5_40_terminal_dependent,66.0,6,"[3.0, -1, -1, -1, -1, -1, -1, -1, -1, -1]",98,-10000000,-10000000,,ALNS
1765860542.2357247,implement,send_action,1,3000000000001,99,235,98,mix_mu_5_40_terminal_dependent,66.0,6,"[3.0, -1, -1, -1, -1, -1, -1, -1, -1, -1]",98,0,-10000000,,RL
